,Subject
0,36AHBNMV1RCNN5E7J9BGFKXZM5EYDG
1,33SA9F9TRXUOQ6X7034C05U4CS7EWL
2,3QRYMNZ7FYH0SV6QYX2K38HEMXUTNH
3,3U5NZHP4LR2AQ7R8EIYNTEJLBT7PHS
4,3F6KKYWMNB1TB6ATC725Y4ZSJ5WDNW
5,3TDXMTX3CBU2CWKN54HZNQTJGVMI6M
6,336KAV9KYQS0KVGRMKRZJ16VP382Y8
7,3LQ8PUHQFLSI9L441N83KHI9P44HIE
8,3XM0HYN6NKZY6X06OHQH8BM8JW3PE2
9,3SNVL38CI4SIY8JCFYFEM60632ECK8
10,3Q5ZZ9ZEVOFD4M8WRZV3IVL5HY785D
11,30MVJZJNHMDLPQ6RLT5BJ1ZLJ01J96
12,3UJ1CZ6IZHPVN6N55X18ZML6S72S5E
13,3TDXMTX3CBU2CWKN54HZNQTJF0I6IF
14,33CUSNVVNNCWR4RYPX26UFVWIZF887
15,31T4R4OBOSGU3TCSW4Q5I1VKYWRC78
16,3LOZAJ85YDDBKQQHHO5X0NZMN8UX2Z
17,3DEL4X4EL6L1LBJOA9CS9R0R22WXYH
18,33M4IA01QG1SOA72WEKY1V7U0LFXRQ
19,3XUHV3NRVKY6XX9PU3P9V8E4KKHH5R
20,3YWRV122CSZUP1YBS03BQ7DLFQ4U86
21,3HRMW88U16QTU4OZOUZA6IQ9J6JM0D
22,3AAPLD8UCCH8IZKFVZ77YOKI0MKTH9
23,34S9DKFK73PW9H5K83PJBP9T0LZNYU
24,37U1UTWH9VM2996UO686LWQ19HY8RV
25,3EO896NRAWV495F5JZASA10XC3MTJP
26,3QIYRE09Y3HZJBUHWEIAX2YJUPLN16
27,3EJJQNKU9R5V2K7NRA2CY9J0B5URH8
28,32VNZTT0A741Q8JSC3IT4KAW655R4T
29,3QAPZX2QN4D3N0K6ECGQR9CBELF02I
