,Subject
0,336YQZE83VESPBA0L05MNDM00G9M5H
1,30LB5CDZNCATTBNI3JP4EKMIYES0Z7
2,3KV0LJBBH2LHUY8YI7IPQERWTH2MR2
3,3PEIJLRY6TTXW6OOV8U4OUFBS2UXWX
4,3R6P78PK7KBUI3P4BTPPDO8HKAJTGX
5,3U8YCDAGXPGKFJMRGN6RNRAETBKQ0G
6,3OLQQLKKNSP2KMX8T4LXBF0W92NEJQ
7,3IQ1VMJRYTKAOX3NRNSYQ2W2TE59AG
8,3C5W7UE9CFQ1RUUAR6OHFWDKTPTMXL
9,317HQ483I7SAJHQF4L3GP1F5BBRNIX
10,340UGXU9DY1S0DUO0TELILXTQ3DVUE
11,3TXD01ZLD4HT60B9GXDY9VXGEQU4U4
12,3HRMW88U16QTU4OZOUZA6IQ9KSCM0F
13,36V4Q8R5ZK0HIXTY5STPLOHRX36MQN
14,3CN4LGXD5XOAN9VEQYANCG3TAU34YW
15,352YTHGROVDO1E5PGY6ZQG8QJRD4H5
16,3YGXWBAF70HXK6U9U6SYFPBA7WC4CV
17,3HQUKB7LNFEIDQTKV5QIK5HUO5DHH0
18,3I3WADAZ9Q4GPEVCYGKZFHB5VTOO5O
19,386CSBG1OZMFTU86ICM8WSK57VPQ6Z
20,3DIP6YHAPCSD051P20O6MPRIUVWE8I
21,3IXQG4FA2TYF778FX1SULDG8B2K9BH
22,3B2X28YI3WFSPO6HZUPI13P6LWYB6K
23,3DYGAII7PL8N30QBX8LH2SBM1A8QPH
24,33F859I566D8MDQYVDGMYUEWUC1BHC
25,3JC6VJ2SABJRNA1BOXFHEMR07P0A5I
26,3JPSL1DZ5SZVDZ7HSXB383RMXIAANX
27,3M68NM076H7F5VN6VRB81IUA20UR65
28,3N8OEVH1FRQ2XO1U3VGYONBWDTSOO3
29,3TXMY6UCAEO49BH7S3ZBISCF3XIQC5
