,Subject
0,3HHRAGRYX85ZQ1XO16XGRXG7HPCO9K
1,39LOEL67OS5AQ7LSDG7A3YNL32K38M
2,3MD9PLUKKIEWE7FP4PR2PWIV7QENZJ
3,3WMINLGALB3CMVAQ372PSSXAZZ1CAT
4,3BF51CHDTVA72QNOXXJXEDID34Y0H1
5,3EJPLAJKEMGO7M9X585LNLW9CXUZ6K
6,3Y54SXRO1LLDNLQZVYE6H398UQJTUZ
7,33FBRBDW6OZY37HB69IBW1RF9HDC8D
8,3IAEQB9FMEKJY0J748TSUNCJBDSWDP
9,3U5NZHP4LR2AQ7R8EIYNTEJLAW1HPJ
10,3HHRAGRYX85ZQ1XO16XGRXG7I3GO9H
11,39ASUFLU6X73F62XA80Y2O8BKB7XEO
12,31QNSG6A5RTSRQMFFSA0GFZ188W87U
13,34Z02EIMISDX7ZEJXR0MSWL1E27T0Q
14,3HVVDCPGTESU4UA45ZBVKOFLQCETYD
15,3EFE17QCRC573Z706Z2HOJOWXZPHSI
16,3EJPLAJKEMGO7M9X585LNLW9BDWZ6H
17,3B3WTRP3DB2LJU8JE8ZJKKD4G9P29F
18,34QN5IT0TZRE9FMVUTPR10PEZ5S80H
19,39DD6S19JPBSK12CBQOJZ9OMT46EZQ
20,354P56DE9K3AAA1OTQG5X6Z2JON7SK
21,3Z4AIRP3C6D4V58LYK5JV4PHWL71XG
22,3XXU1SWE8MVSS3FARR95XRV9QBG0A2
23,3R08VXYT7CV3HRIXDVQ6UV2NQ85W7P
24,3Z7EFSHGN9EOI8IJEHU3C0880P3CX0
25,3WOKGM4L71GHU79B1AENYMFEF8DO0E
26,31LVTDXBL7AXOGQDIVHAQ1C7S7XLR9
27,31UV0MXWNQC6TSK90L7UVKFJJKS5ID
28,3L70J4KAZGMMRNG433X0CYFSJTKADL
29,3PH3VY7DJLXM11O3WQIPLFVMZAVWZB
